<?xml version="1.0" encoding="UTF-8"?>

<cafeorders xmlns:xsi="http://www.w3.org/2001/XMLSchema-instance" xsi:noNamespaceSchemaLocation="cafeorderschema.xsd">
	<cafeorder orderid="889923">		
		<oficiant>John Smith</oficiant>
		<table>2</table>		
		<item>
			<title>Tiramisu</title>
			<quantity>1</quantity>
			<price>10.90</price>
		</item>
		<item>
			<title>Cofe</title>
			<note>Whithout sugar</note>
			<quantity>1</quantity>
			<price>2.00</price>
		</item>
	</cafeorder>
	<cafeorder orderid="889265">		
		<oficiant>John Smith</oficiant>
		<table>5</table>
		<item>
			<title>Late</title>
			<note>Whithout sugar</note>
			<quantity>1</quantity>
			<price>3.00</price>
		</item>
	</cafeorder>
</cafeorders>